{
  "ratings": {
    "model_50000ep_20260115_214053.pkl": 2084.2340031688605,
    "q_table.pkl": 2017.3857640646124,
    "model_50000ep_20260115_214042.pkl": 2089.0878060800032,
    "model_50000ep_20260115_214033.pkl": 2078.736892580932,
    "model_50000ep_20260115_214024.pkl": 2098.1477956494346,
    "model_50000ep_20260115_214016.pkl": 2100.4114718640444,
    "model_10000ep_20260115_212004.pkl": 1990.4555523213467,
    "model_10000ep_20260115_211810.pkl": 1988.9835718991396,
    "model_10000ep_20260115_211551.pkl": 1986.267482722166,
    "model_85000ep_20260115_164538.pkl": 2065.448476732961,
    "model_15000ep_20260115_164030.pkl": 1981.9461715302682,
    "model_100000ep_20260115_161706.pkl": 1980.006387151117,
    "model_100000ep_20260115_161218.pkl": 1978.5065559876289,
    "model_100000ep_20260115_160618.pkl": 2057.6894644958616,
    "model_10000ep_20260115_160458.pkl": 2036.3496101775138,
    "model_10000ep_20260115_160229.pkl": 1524.8292248570208,
    "checkpoint_20260115_160229.pkl": 1477.76384783293,
    "checkpoint_20260115_160228.pkl": 1455.3112643998013,
    "checkpoint_20260115_160227.pkl": 1472.3094023464384,
    "checkpoint_20260115_160226.pkl": 1459.3775554494864,
    "checkpoint_20260115_160225.pkl": 1491.489094213151,
    "model_8600ep_20260115_131406.pkl": 1490.9141592705553,
    "checkpoint_20260115_131405.pkl": 1490.3861786256346,
    "checkpoint_20260115_131404.pkl": 1494.3648971114885,
    "checkpoint_20260115_131403.pkl": 1493.8589282231421,
    "checkpoint_20260115_131402.pkl": 1488.9215571927668,
    "checkpoint_20260115_131401.pkl": 1488.5884986615388,
    "checkpoint_20260115_131400.pkl": 1488.3010126249017,
    "checkpoint_20260115_131359.pkl": 1456.7351435760402,
    "model_38000ep_20260115_124522.pkl": 1462.3337931452443,
    "checkpoint_20260115_124522.pkl": 1463.2956835582336,
    "checkpoint_20260115_124521.pkl": 1459.6961197036965,
    "checkpoint_20260115_124520.pkl": 1460.6815322601494,
    "checkpoint_20260115_124519.pkl": 1491.6054405646953,
    "checkpoint_20260115_124518.pkl": 1495.89152855043,
    "checkpoint_20260115_124517.pkl": 1492.3189987035423,
    "checkpoint_20260115_124516.pkl": 1491.9804231722048,
    "checkpoint_20260115_124515.pkl": 1491.68532321102,
    "checkpoint_20260115_124514.pkl": 1464.8218268436258,
    "checkpoint_20260115_124513.pkl": 1461.0590345559895,
    "checkpoint_20260115_124512.pkl": 1466.7875110043963,
    "checkpoint_20260115_124511.pkl": 1494.3047464561682,
    "checkpoint_20260115_124510.pkl": 1493.9728417331523,
    "checkpoint_20260115_124509.pkl": 1490.227621350365,
    "checkpoint_20260115_124508.pkl": 1490.075439414838,
    "checkpoint_20260115_124507.pkl": 1486.8833868800896,
    "checkpoint_20260115_124506.pkl": 1434.8397998695739,
    "checkpoint_20260115_124505.pkl": 1423.0860125922243,
    "checkpoint_20260115_124504.pkl": 1425.2294307927282,
    "checkpoint_20260115_124503.pkl": 1355.597911331562,
    "checkpoint_20260115_124502.pkl": 1350.7490132461544,
    "model_150000ep_20260115_124134.pkl": 1354.972268591032,
    "checkpoint_20260115_124133.pkl": 1359.0444438879213,
    "checkpoint_20260115_124132.pkl": 1362.9678917817093,
    "checkpoint_20260115_124131.pkl": 1366.7457180076462,
    "checkpoint_20260115_124130.pkl": 1370.3816195888037,
    "checkpoint_20260115_124129.pkl": 1373.8797396504935,
    "checkpoint_20260115_124128.pkl": 1377.244540621177,
    "checkpoint_20260115_124127.pkl": 1380.480696084202,
    "checkpoint_20260115_124126.pkl": 1383.5930004829727,
    "checkpoint_20260115_124125.pkl": 1386.5862952168682,
    "checkpoint_20260115_124124.pkl": 1389.4654093166553,
    "checkpoint_20260115_124123.pkl": 1392.2351127708764,
    "checkpoint_20260115_124122.pkl": 1394.900080612413,
    "checkpoint_20260115_124121.pkl": 1397.4648660061994,
    "checkpoint_20260115_124120.pkl": 1399.9338807599609,
    "checkpoint_20260115_124119.pkl": 1402.3113818791182,
    "checkpoint_20260115_124118.pkl": 1404.601462984924,
    "checkpoint_20260115_124117.pkl": 1406.8080496000453,
    "checkpoint_20260115_124116.pkl": 1408.9348974723002,
    "checkpoint_20260115_124115.pkl": 1410.9855932529535,
    "checkpoint_20260115_124114.pkl": 1412.963556970963,
    "checkpoint_20260115_124113.pkl": 1414.8720458502132,
    "checkpoint_20260115_124112.pkl": 1416.7141591050665,
    "checkpoint_20260115_124111.pkl": 1418.4928434226767,
    "checkpoint_20260115_124110.pkl": 1420.2108989006413,
    "checkpoint_20260115_124109.pkl": 1421.8709852577294,
    "checkpoint_20260115_124108.pkl": 1423.4756281754085,
    "checkpoint_20260115_124107.pkl": 1425.0272256602454,
    "checkpoint_20260115_124106.pkl": 1426.5280543433923,
    "checkpoint_20260115_124105.pkl": 1427.9802756542902,
    "checkpoint_20260115_124104.pkl": 1429.3859418224965,
    "checkpoint_20260115_124103.pkl": 1430.7470016748837,
    "checkpoint_20260115_124102.pkl": 1432.0653062059644,
    "checkpoint_20260115_124101.pkl": 1433.3426139074609,
    "checkpoint_20260115_124100.pkl": 1434.5805958496562,
    "checkpoint_20260115_124059.pkl": 1435.7808405121195,
    "checkpoint_20260115_124058.pkl": 1436.9448583652006,
    "checkpoint_20260115_124057.pkl": 1438.0740862066043,
    "checkpoint_20260115_124056.pkl": 1439.169891259461,
    "checkpoint_20260115_124055.pkl": 1440.2335750398604,
    "checkpoint_20260115_124054.pkl": 1441.2663770028537,
    "checkpoint_20260115_124053.pkl": 1442.2694779766186,
    "checkpoint_20260115_124052.pkl": 1443.2440033948667,
    "checkpoint_20260115_124051.pkl": 1444.1910263377167,
    "checkpoint_20260115_124050.pkl": 1445.1115703912574,
    "checkpoint_20260115_124049.pkl": 1446.006612335857,
    "checkpoint_20260115_124048.pkl": 1446.877084673037,
    "checkpoint_20260115_124047.pkl": 1447.7238780004077,
    "checkpoint_20260115_124046.pkl": 1448.5478432437903,
    "checkpoint_20260115_124045.pkl": 1449.349793755246,
    "checkpoint_20260115_124044.pkl": 1450.1305072853245,
    "checkpoint_20260115_124043.pkl": 1450.890727837395,
    "checkpoint_20260115_124042.pkl": 1451.6311674115152,
    "checkpoint_20260115_124041.pkl": 1452.3525076448418,
    "checkpoint_20260115_124040.pkl": 1453.055401355199,
    "checkpoint_20260115_124039.pkl": 1453.7404739940016,
    "checkpoint_20260115_124038.pkl": 1454.4083250143399,
    "checkpoint_20260115_124037.pkl": 1455.0595291596876,
    "checkpoint_20260115_124036.pkl": 1455.694637678312,
    "checkpoint_20260115_124035.pkl": 1456.314179468152,
    "checkpoint_20260115_124034.pkl": 1456.9186621566182,
    "checkpoint_20260115_124033.pkl": 1457.508573119451,
    "checkpoint_20260115_124032.pkl": 1458.084380442526,
    "checkpoint_20260115_124031.pkl": 1458.6465338302023,
    "checkpoint_20260115_124030.pkl": 1459.1954654635974,
    "checkpoint_20260115_124029.pkl": 1459.7315908119128,
    "checkpoint_20260115_124028.pkl": 1460.255309399751,
    "checkpoint_20260115_124027.pkl": 1460.7670055331462,
    "model_80000ep_20260115_123600.pkl": 1461.2670489868503,
    "checkpoint_20260115_123600.pkl": 1461.7557956552514,
    "checkpoint_20260115_123559.pkl": 1462.2335881691342,
    "checkpoint_20260115_123558.pkl": 1462.7007564803437,
    "checkpoint_20260115_123557.pkl": 1463.157618416278,
    "checkpoint_20260115_123556.pkl": 1463.6044802060069,
    "checkpoint_20260115_123555.pkl": 1464.041636979693,
    "checkpoint_20260115_123554.pkl": 1464.4693732428725,
    "checkpoint_20260115_123553.pkl": 1464.887963327077,
    "checkpoint_20260115_123552.pkl": 1465.297671818135,
    "checkpoint_20260115_123551.pkl": 1465.6987539634588,
    "checkpoint_20260115_123550.pkl": 1466.0914560594886,
    "checkpoint_20260115_123549.pkl": 1466.4760158204272,
    "checkpoint_20260115_123548.pkl": 1466.852662729301,
    "checkpoint_20260115_123547.pkl": 1467.2216183723335,
    "checkpoint_20260115_123546.pkl": 1467.5830967575425,
    "checkpoint_20260115_123545.pkl": 1467.9373046184312,
    "checkpoint_20260115_123544.pkl": 1468.2844417035687,